id,name
6f9f399a-8a6c-4a1a-8a65-dde7e8845dc8,jm-Hybrid
f335cb0c-9c7e-483d-92f6-055aaf098cc0,OZLAB
80bbba55-13cd-4e06-a7bd-f89af35f9076,BT-OPTICS-2
879211c1-c653-48c8-914b-ae9f6eafee33,eaubuntu
634a7e23-8e2d-4e60-9444-012028683252,AFMMAC-PROT-VM
67b7bb60-74de-4d7a-94fe-011cbafad1ca,CFS-CYPRO.DEMO.LOCAL
5b3e4539-ce4c-4f48-8233-74e7895da34a,OEHybrid
28a4b225-d53b-4290-bddf-5fdbb90e34df,pashybrid.PASDCWIN7X64
17699a4d-dfcf-4da3-8c56-44b546676f18,TESTPC1
6e519d77-d036-431b-9290-328fadf8cb49,TESTPC2
2ec473a4-dc28-4f00-a39d-6efce4462e49,Ross’s iMac
e0b5f388-386c-410c-b34a-3c7aaa3bf152,ND-OPTICS-PBOB
8e4c763d-74ad-4907-8b43-77b3829dd6c7,CYL-UBT1-TRDVM
5e6508fe-19cd-4f74-8d6b-78c686662ed9,BMC-CHI-WIN10DE
7acf4df7-b372-47c7-a695-1604d45ca3f2,MALWARECHICAGO
232302d6-a4e4-4736-a62b-97643d142c72,JFMAC-OPTI-VM
44ac8369-30fc-4743-b305-32450a5ff168,CFS-Hybrid.DESKTOP-PPMONSL
fe294049-3880-4152-a936-854ae4d200b3,CFS-Hybrid
6b45cbed-414f-4684-92c0-5cf10f982a63,Alderman-CentOS7
73177d9a-a7f1-407b-805e-9e3c22d4ca39,RS-OPTICS3-X64
da40650d-738c-4974-8e08-62d9ed0ceef3,RCollinsUbuntu
df091aaa-d322-4e11-9f60-59f9d061d6fb,RCOLLINSPROTECT
5485a279-b0ff-4c25-80d1-b782babffd8b,RCOLLINS_OPTICS
691683a0-237e-48e6-aa20-bdb2f7d773eb,GD-WIN10-LAB
866208df-2302-4dad-a991-4235b703eab7,AM-WIN7X64
8ab8ab60-d4f4-4ca7-bd57-3ff74b11f0eb,CYOPTEST
0e35ab75-0c74-47e8-975e-9f1497905854,EGCYLANCE1320
bea2d36b-22b9-46cb-8e84-8425fc945bbb,EGCYLANCEPRO
3d4c93af-1ee7-4a24-aa15-387b729d5c7c,EGCYLANCE-1320
4897f0c3-c8cb-473c-a098-fc8ae7ed7145,ETAN-OPTICS1
fbc3d63d-63d7-41fe-92bb-c51f4fd2436e,BT-PROTECT
9dd4c65b-9fd7-4cbc-afa3-510c14fb2f0c,USER-PC
eae78207-b30d-4f39-9013-a711a54fc2a4,CFS-Hybrid.DESKTOP-PPMONSL
96d3873e-5b18-4f12-b45a-ea38bf35543d,TDWIN10-X86
2f63a633-f609-44c7-bee4-ea4e8a8f0982,TDWINXP-PROTECT
856ee1f7-7aa9-4682-a210-c5348fd39488,HT_Hybrid
e3e153ea-f287-4808-9faf-e8cd50e80c99,DESKTOP-LSM8H4E
b8d555a7-4a2b-4a3c-ac46-713f78ce24f5,tdcentos7
f7fe3048-48b9-429d-b86c-3399c483767a,Omar-Hybrid.CYL-HYB-OELW
042ebe9a-522c-4008-af91-b0c12e47f0b4,Omar-Hybrid
3ddb995d-2a56-4813-b1dd-56be250727f7,TDWIN10-PROTECT
c09bdb98-c58f-4876-b997-c0fd2a2fe02b,CYL-DEMO6-JP-HT
47ce99d7-da67-40a1-a564-5a6212699f3a,RENAMEME
fe9f0bd8-213d-4970-97f4-76b54a42dfda,YOSHIHARA-PC
3396e0cf-ea83-4cc6-a319-b308be40b69d,LAPTOP-QE46MSO3
925b4794-a400-447c-8270-9d0661251937,Hybrid-Jimmy.JIMMY-DISCONNEC
86171731-accc-4ae0-8daf-af46c6d1f123,Hybrid-Jimmy
f1186283-3ad3-44e0-8c2e-c5837f33f3e7,ETAN-OPTICS2
9c1a02a9-5c99-4ccd-84e2-387026ddc340,GiddersHybrid
4a420495-8c78-4846-910c-e696a2ebb494,rsundin-hybrid
e440d5ee-fb4c-4303-b35c-aaf7116886b0,JT CylanceHYBRID Test.JDOE-PC
be477a04-8b01-4392-b07c-9a9000c1d07b,JT CylanceHYBRID Test
e8398c33-28a9-438d-a70c-37b090373065,TESTCyHYBRID.CYLABS.NET
06bc7698-a63f-48fc-ac02-576057dbf0a6,HT_Hybrid.CYL-DEMO5-JP-HT
6ffc69fb-faf2-48f1-a8e1-7805ae3b9f73,HT_Hybrid.CYL-DEMO6-JP-HT
702c9d0b-6b72-4d31-b229-f014cce1dbf2,jm-Hybrid.NO-NET
baba9a0f-125f-4ad8-92e2-7a21f4ff1ec6,DESKTOP-PBCORPL
0927ec7f-7428-4b19-9177-27287654d765,BT-Hybrid-3
aff0567e-2da7-406c-8b83-b65af410e0c1,pashybrid
b917a2a3-e09d-4f29-8051-340272823656,JD-Mac-Protected
6e530964-e624-48c6-acad-89fa2eaa408d,Alderman-Win10_x86
e1412f86-4fe9-4960-af73-c8516c396af4,HYBRID
c950920a-d71d-4014-b8a9-9bf415b5a64a,HT_Hybrid
38a14801-2bef-45e3-8b61-d404410faba2,bwosxMav1’s Mac
e1086568-7dcc-4e72-a095-618bebcbbc7d,mf-Hybrid
fa51124b-9a4b-4e12-bc80-9d85715df540,JSMAC-PROT-VM
8cb1857b-e659-4fab-9dcb-35ec3b2e8eaa,WEBB Hybrid.WEBBL-HY1
1ea78aed-25af-4d54-9495-d8f99fa98f77,WEBB Hybrid
4a1a701f-8587-423c-b3e4-80b91f1e5235,DPRES-HYBRIDTEST
3121c678-a561-4fe6-882e-bd04f17880d7,CS-OPTICS4
d559331b-8a2b-4a13-b879-e7fc5f19b45a,CS-OPTICS5
e63bfd2d-9bdc-4448-9c55-0c2d0b60178e,CS-OPTICS3
98261e56-577e-4aec-b394-1b2b43447ce6,HT_MAC
9ac0f75b-991d-4182-bed7-4f4b6f95f65e,UNPROTECTED
ebd6d87c-d154-4255-bcee-a2d5464df45f,W7X64-FBA-OLD
c94b1ac4-9520-4ea9-866d-6a108d6c0eea,DPRES-DEMO-1380
afc78c97-6947-4d3d-ab12-78991d594c05,RJCCYLANCE1320
f8297d81-78da-4779-8fbe-d76cad6fdfd4,PB-W7-PRO-OPTUS
02057abf-42f7-40dd-9315-d3664ac2555c,ETAN-CYLANCE2
ae158c0d-76d5-4371-88da-56fd253b59ef,ETAN-CYLANCE1
7f377c97-abd6-406c-8761-7f0fe5df0b03,computer’s MacBook
5ea5d2eb-8a61-45f5-ac69-6824219d6c8f,OSX-WIN7-TEST
66fcc8a4-5b9a-4caa-ac86-cd3ca9b26ff0,OSX-WIN7
dbc9586a-10d1-457f-85d4-90682c447bbe,Lucas-Malware MacBook Pro
7acfc69a-c1cb-4a69-b894-51f4a47f1dc5,Lucas-Mac
0e4b680f-a433-4e8b-af4a-439ce519239d,pas-centos.localdomain 
10ab3e95-c870-4bd8-bbb7-932f5eb950c0,MacBookPro
aee578e3-9a9d-4f1e-8329-9b3a81ecc5c2,CS-OPTICS1
89e0d0e1-fc68-47a6-b87c-2cb370bb1be9,centos.testlab
91ed83b4-a413-4e14-828d-edd71689bb86,SHI-CPWO
9f22c020-eccc-48a8-93ee-b18d512a3677,SHI-CPDP
a8644808-8ee8-43a0-9d93-b9cb1c025e7e,SHI-FBTD
f0c414dc-5471-4481-906f-ee799399e5ec,SHI-DEVC
43766ed8-7ab1-452a-ab23-3e96f2159d27,SHI-APPC
2a3d2d5f-53e0-4265-8711-f051659c4ae2,INOUE-PC
bc394153-da74-4b27-a6d3-d94e335729e9,CYL-DEMO4-JP-HT
46a6dde7-0f6f-416d-af55-60bbf63a5ee7,OPT-PT-MM-02
b798691c-b4e9-4355-98de-d5d94aab1dee,SAWOYA-DEMO-RIG
f4ec608f-ebb8-4d2d-853a-29f54f9fe222,JSMAC-PROT-VM
e2159372-d519-4f5e-802b-7652090bcae5,AAK-CYPRO
3214ba79-8ef1-4626-8837-45e397c1232b,BMC-STAGINGHOST
1f71b6da-4f53-49c0-b319-52408a931741,EHTANDEMO
323fbb8a-d2b3-40cb-abc3-f9ff37e1f92c,PAS-WIN10
eb72c770-dae4-4fad-9142-e608f8c55a14,SW-MCAFEE-PRO-O
ae33c5ff-0b86-43e7-9aac-fe025e0c830d,BFREE-STAGING
04315247-ee79-41b6-a5e4-23314aa59a70,RRSTAGING
e8ded1c1-344e-493e-841f-f7cc4a3e5dca,BFREE-DEMO
4246c1c8-5cce-4ae2-be0a-7798798f599a,RROPTICS
db2b0372-ef5c-45b1-88a3-adf9e5c95fa3,JFMAC-OPTI-VM
edd63b3b-4d63-4e1e-b970-e0927ea9dcc5,JFMAC-PROT-VM
3b53adc4-4c03-4013-ba74-2f834fdd4ea0,ht-cent7
b6dd70cf-ef1a-432e-b861-50ef183514d0,CYLANCEWORKERPC
dc356d98-2c17-4e6a-b5d0-eb5cb7864f54,ND-WIN10-PROTEC
2f09628e-31a2-4aa9-9ed2-a83e24ad3cf1,ND-PBOB
4bafb8b4-f4a5-45eb-83e8-fef0af27894a,RRCYLANCE
93206844-911e-4773-8edd-d48211b571c7,CYLANCE
2b54f635-1bd1-47b8-bb4a-6f38ed00bac8,TESTPC4-CYLANCE
204e0e89-e63d-4cfc-b919-cb95de166319,DESKTOP-R1A53BU
f0874aed-d4f0-44e3-994f-81e79301fe3c,ND-OSLER-PAOA
9d4c283f-c8c3-40f2-b158-cf163a839869,ND-MBPROT-VM
a0863ad5-3fd7-463f-8bda-7e280d8b3256,LAURRIE-PC
5961457b-3879-40aa-844a-a90105caa84e,WIN-CVNQEV9JTAQ
872f3a72-83ec-434d-a746-fc8a971c853f,PNW-PROTECT
d9ec634f-7c0e-461e-913f-e1d3fa97ada1,WIN-63GV4JA5O6D
8884414c-d086-4aee-b8b8-27ecaf602823,BT-1370
24bbe9ec-c139-425d-96d6-dd4290ff75f1,TEST1
7d2260d6-9b06-4432-bf17-2be394066355,PNW-OPTICS
f9000dba-b1b1-4591-bc62-82189a780376,GD-WIN-SYSTEM
971117d4-5d5c-4a0f-bbf4-c0e154f363ee,RRA-PROTECTOLD
db83fd3c-6d32-4cb4-9c6c-7961f1ab8068,PNW-STAGE
0727f98a-f657-4b06-ad99-d40a3bc75a49,HALO
55cd2b80-b448-47b1-9089-4bddab022e44,MH-OPT22-W10
f681c1e1-9cc1-41e5-9ff3-e7d80450259d,CY-WIN10
37e05054-0db4-4fd4-9c1f-b1701e473a02,CY-WIN7
ec92588f-70bb-4615-b8e2-611e2104c426,RT Demo Mac
dbca7942-1d61-4b54-8901-400e5753f2c2,LAPTOP-QE46MSO3
4b4cd635-0343-496f-8de5-b4976e74629e,LAPTOP-3C74IRC3
e44dc4f4-c261-4475-8be8-95e6a9f20d11,OZDEMO
7d71b492-a957-4106-8914-9637fb785d1a,MEIN_PC
4229c1e1-6ae8-4075-b6d4-99f2cc99365f,localhost.localdomain
6757d3cd-1595-4192-a35f-bfc8083fdb19,CYL-DEMO3-JP-HT
4fcecac2-163d-4628-8b6e-6beda5f21bb5,CYL-DEMO1-JP-HT
a248f51b-d677-44e6-b251-cc41a4c50bc2,localhost.localdomain
e6ef0cf6-ef6e-459f-9e9d-a0ea6d647233,PNW-LAB01
bd32618a-a4db-4f86-ae50-0faef82e2499,ALDERMAN-1709
36bc2ee1-75aa-4dc8-8bda-11bc4f07e88c,TDWIN10-LTSB
63e7effe-3b43-4340-a55e-f1bf9d4ece2b,HOST
c4102313-55af-481f-99da-d529cc6a8a0d,IA-VM-CYLANCE01
2c4fabb4-d883-42cd-886f-053f9b490117,X60
177540cf-5680-46c6-ac37-0482e13ff367,LAPTOP-QE46MSO3
7508716a-88e5-4740-a50c-23e747824628,mh-centos.localdomain
a9ec70e3-c2e4-43d4-bbaf-144ebba27676,IL-0DF2A5KQBEB3
674f38e7-021e-4169-aad0-d62a7f6590e2,JA-1709-OPTICS
c2e0b9be-2d52-4edb-a5c5-10db410904ac,CYLANCEOPTICSMV
1d509d4d-d9dd-42ae-b89c-ab056661492e,RW-Pat's Laptop
f5105cc3-8e83-4e09-ada6-f7774f8c85df,MAL-LW
7c8102b4-db1c-4902-a6fc-e1ea0932d858,TESTWIN10
8defbc47-395d-4c0b-9c44-988d48da8611,TEST-PC
2d4bc65d-f970-43dd-a90d-2604d76c1f8b,brad-virtual-machine
cc9212fa-ed48-4303-8630-0b5923a405df,brad-VirtualBox
94a699d0-6d3a-4012-a39e-6c800f5900e6,TK-OPTICS2
a145e512-1539-4f87-9515-8a383f992778,LUCAS-WIN7
d467cbcf-92c8-440f-9406-2c7f20b85e63,RS-WIN2008R2-2
7019ab36-07f4-4310-9013-163f16ef8baa,Alderman_RES-ONE_win7
eb6c2cb8-c03b-4a2c-b14b-157852600d8f,TK-OPTICS1
b0b67a06-357d-4328-b47f-943784f14022,RS-WIN2008R2
7ba20935-dfe5-42b9-a73f-392e84c88f4d,EAMAC-PROT2-VM
7727617c-1b90-4b94-b975-db2b92801a6b,SR-CY-D1-W7
54ad7fac-fdda-4bd2-b273-793a90f03ee1,OZDEMO
1517ec58-f7cc-49b2-8812-2c3acd53d478,Alderman_RESONE_test
0f44ed95-84af-46db-981a-525ccaf605c9,AM-WIN7X64
81638212-ae7a-4aa1-bd8e-6157a643b4f1,MM-WIN7R02VICT
6fe3f60b-db29-4b6f-a53d-60314aba91bf,AX-OPTICS
15d44ba6-bb92-455d-ae77-5ee4b4a3d238,EAMAC-PROT-VM
717a43bf-a815-44a7-af80-73d2c98e164c,EAVMAV10
9d6e22e3-141d-45bd-accd-02614345aa60,EAVMPROT10
dfa12a16-9ab1-46fe-9fc3-0ab13c44c2cb,macosx-demo
ed7ae2a5-284e-4994-af5f-15fd5e35d28e,Alderman Linux
29336c15-375b-400d-b1b2-1e4fbf557456,OPT-OSX-MM-02
a30ffa57-9984-4cf0-852a-ee708bbaead7,WEBBL-W7-64
260538a4-8193-436e-bd82-7ef711aefffe,JS-COS7-CYLANCE
0b2944e0-1914-4247-a037-bacfc28b567b,WEBBL-W7-ESXI
ed91a344-e54d-46d2-8f57-db3fa90e31b5,MCAFEE-VM
93bd4e8d-ffe9-44a0-9f27-1e2e9a1c28a0,WIN7X64
52a89496-4f10-4a22-aaec-b8ab8a35262f,BANLEONG
743cd6ff-d68a-40fa-9e55-7fd494278ce2,SR-CY-D6-W7
f51fd536-adda-4d06-9aee-ba657743de10,MacBook Air
f76af3b8-4645-42da-9f30-fe1a33830c57,M4800WIN71VM
5cd5291e-b034-4829-a1de-854adce0c1ec,M4800WIN7VM2
8ecb7190-9c54-433c-961a-d0ff449e4419,localhost.localdomain
4b14838c-ae62-4227-9f37-48e17e579562,WINKMAC-OSX-VM
99cd0834-20ef-4414-90da-c89605975871,VV-WIN7X64
eba91f98-93e1-4212-8758-be448500425a,CYLANCEAPAC
abe6aea7-84a6-4544-97c3-f6f1c306d7e6,LW-WIN7X64
5a69d836-6b37-4762-93bd-b9b49f0ddced,JS-W10-CYLANCE
cb5fcfb2-dd4b-473a-931d-57252cb0cf06,JS-W7-CYLANCE-O
fdf6733d-1eee-4352-87ef-046da07038da,CFS-Mac
29cd649e-a75c-4cd0-8031-b132d1c23f6d,WIN7X64
5c6a58e4-6391-4a7d-ae12-5e40a14d334b,Win7x64-1320
2dca6762-b494-4195-8800-944e6b9525cd,SOPHOS-VM
fbee1a4a-78e8-4b05-b7e6-10ac91f373c2,Rodger Laptop
4179e8d1-1c84-4edf-89f1-60d61036c94b,EAMAC-SIERRA-DEMO
3811902f-fc16-4049-a831-e4d992d9380d,W10X64BASE
62deda13-1128-44c7-b550-d840d5292986,TK-WIN10
8ca930d5-c6eb-4016-9ebd-a86217f13edb,jdoe’s Mac
a6519d1c-22c8-4198-981e-90b5a9c5668b,OSx’s Mac
279aeb9d-13e7-4ea9-948e-81a5f727dded,WIN7X64
da54e8e5-ff27-4610-a46c-b53af6b7cc5d,ZLINK-DEMO-CYLA
178a93e7-fc0e-4714-bb19-7bd93e468140,MTD
4bfd1f6c-5503-4dae-a3e9-c6219b22356e,DESKTOP-0N9VR2C
5a02ad9e-12ab-4164-aaa0-ad60151db37c,BWCYLANCE1
2d203aed-5564-4be4-a8cd-6e59b9357fb5,JMS-VM-DEMO
46c313db-febc-4a5f-adb5-1d0dbf79cc64,AFM-SEP12-CYL
55a2d600-6815-45f7-b26d-4d2380ffd02e,AFM_CYL_SEP
31e70df8-a467-45eb-a3b1-1c5c2f3ade08,MH-APPCONTROL-T
904ae41b-5dba-4295-ba4d-7683d26e0286,JMS-VM-OPTICS
e0cda1f9-b3b4-4190-aac6-92382f9064ab,JS-OPTICS2
8cc29a40-0ad6-4515-bd47-354198241348,AM-WIN7X64
d5ce7be0-b984-44dd-8eb7-841a262abfe1,MH-INST-TEST
19418b87-c52d-4855-94c2-e972aeea50b7,JTIETZE-OLDAGEN
0cf686f6-d835-413c-8923-b82bd54cbd8b,TESTPCS4405524D
b073c8bf-6da6-4092-8e53-b8bf6ba27364,aak-osx
f8597c9b-b2b5-40df-a721-86d68c913fbf,TK-UBT-PROTECT2
c9fd857e-5e0f-4773-b624-7481c3d74dd4,VW7-23421
1756398f-a229-4a00-a02e-73b8329cf210,test’s Mac
3a78f032-2b55-45bc-8f7a-195a67b656e1,BT-PYTHON
9bdf1b39-798a-4feb-a3f0-9ee12c26d849,BW-m4800-win2k3
acf0893d-386d-49c0-9669-bc34e5e31ed8,bw-t430-xp64
0d89b32d-159a-4fa5-853d-40e2b32f5f85,RT_OPTICSM_W7
c80d1445-053e-405b-a642-2a2eec4f5b9a,EAMAC-DEMO-VM
892ec6fd-7d99-460e-a84e-4e957a39c3b3,RT_OPTICSP_W10
4cbf9ef5-9e19-4a8c-8929-7823b6a857e2,bw-t430-xp32
919dd04d-dc20-49ea-9f7a-e34fde5c5b4a,RT-OPTICSEA1
e36130fd-7fff-4f4d-95ba-9bc22c67aa0b,ND-MBPROT-VM
abf9318a-fa0c-4d16-bdca-ed0a6492c21f,TK-UBT-PROTECT
bec36a14-cf2c-40a4-879e-460d487d1d82,LW-WIN7X64
d8725243-c482-4dda-beaa-188b5f037c89,RS-OPTICS2
5233fd72-1403-4524-be34-344038d69361,aak-stage
e7d42351-20b2-4f7b-bb09-fa9f6cbdf903,WIN-445AEQJFGMK
7c0b6613-2004-4b5d-b38b-977f6421a2b3,MH-Cent-7-64.localdomain
1e44aff7-5b1e-471d-a146-141ee280b7f6,HOSTB
10205430-f64f-45e6-bd26-7d279c12d38c,WYNNEII
d6bcdd9b-4ae2-4b2f-b36f-d1626c444004,DAP-CYALERT
df880bb4-9a77-4c70-8bb4-18b2adf9ad93,ND-PROT-VM
c9b2713d-0545-410a-ba15-c67885326f4f,DR-SA-C1MRX3W6H3QK
61257a3e-c6a5-48d2-9608-6b7645e48478,Demo’s Mac
2b21f440-e514-4f69-a2bf-d3a06ff75f99,MacBook Pro
54c611a5-1596-4f55-89d4-3f115791d1da,LENOVO-PC
5f6b9cb7-5b2d-4d4b-8966-a95f98899e40,WIN7X64
e051fc91-87f5-4adf-9884-7f5408001610,SW-OPTICS4
9a666e09-3331-4b15-a965-7857221088c3,Music-Demo-Staging
b59a9bce-8238-4ed8-8c5b-ed0f9ea54ab8,localhost.localdomain
394db1c6-9220-47c5-aff7-ae43fae1123c,SW-OPTICS3
f34293a4-f3d6-44c8-a515-ba23168e590b,LW-WIN7X64
65701ebc-fa89-433e-b528-44855f76fad4,PAS-OPTICSSYS1
5f49a908-838c-4b3b-8882-46612490587c,EGCYLANCEPRO
070a577e-52d9-4865-9f4b-0c7cf57d00a0,OPT-PT-MM-02
8a41f2b2-be70-4a58-80e3-8740f972fd9e,ORCATEST
2bce3acd-6ecf-4f8e-a171-7dafd1fdf657,MALERBAA-WIN7A
799b6124-c315-431a-ae4f-2367282b73aa,WIN-U6H0T8IO37A
1b9a22a5-5bf1-492b-9503-781e2c107616,WINKMAC-DEMO-VM
aad18cd3-2b05-45a3-adb5-ccd6d2d149dd,rsundin-linux
a224732f-97e1-444e-853c-6a63ab7405d5,linux-baylep
16a8fad0-ff7c-4f94-bb5b-c0446d98d0da,QAKBOT2
cf5b9961-7261-4d86-9d3c-b6c0747979b2,AFM-NEW-OPTICS
cdcf81e9-117b-4599-b6a6-69ccc9a9f43e,RSUNDIN-CY-OLD
53a9a17d-1c35-4cd0-9bcc-3cd7acdcd7a5,CYL-UBT-JPN-JC
891a9de9-6a59-4e23-a223-37fc5342e396,SW-PROTECT1370
157e9001-2f75-4846-b9dc-583025f1ab4d,PB-1370
cf8cdd86-4320-4fb7-91ac-d0dc693772ee,PB-1320
2756a95c-dd53-4fb2-b5ce-4bcad4b180d1,DEMOPTNJ1
1f814534-6ccb-4ec9-bc35-1206afa5fbe1,OP2RT1-WIN10
32eccd2b-401f-42ef-9904-d5548f993d6c,TD-MacOS_10.12
0cffea47-1fa5-44e7-a448-4042ab18d10f,ALDERMAN_OPTICS
2551f113-8b00-4472-b630-9072ae2b5ff1,MLOCKE-PROTECT-VM w/ Optics
7137a0f1-b462-40e7-b779-64c2ef706017,AX-PROTECT
b317d4b3-48ba-4c7d-ac07-8cddb09edcf9,JLP001
e85f4c0b-f349-4a89-afed-572d527e9ac5,JL001
ba2e4f36-fe31-40b0-8813-54642806dd8a,JL003
60fbf1d3-3481-486e-9ab4-60194a2d0024,JL002
266d1531-cff7-43be-a32a-5e060ae47ffc,CFS-WIN7CYPRO
847bb572-a677-4cf5-b1f0-2fb450e94474,JD-CPRO-OPT-01
342ad9cb-f720-4e33-94c4-0deb443de3b0,MAL-MD-C02S71XUG8WL
5713a4e8-64c2-4635-8184-ece671506d47,KH-UBT4-STAGING
c74cd9ab-4d8a-4977-b0c2-c47a66526eec,KH-OPTICSTEST
b7d3d854-e659-4431-9caa-c9abf4c3dca5,NICI-T61
4067b999-9b18-4c12-94bf-3a302a1f5033,RS-WIN7-32BIT
fcc62aff-e72a-438d-83fc-84081194cf13,KEMAC-OPTICS
0c513117-1e88-4c33-a179-4d05f74a38f7,SW-OPTICS
36803005-314f-48f0-a963-e6a95f80c7e9,SW-OPTICS2
860762e4-5de1-48e6-ab9d-4735fddf1364,MF-TESTA
12f32bd7-2499-4241-b736-4ba78ea9a55b,BWCYOPTICS2
b295cad2-aeff-48f4-b54d-de5ade30a7a2,QUINNPROTECT
510be0b9-5b17-416a-b4d9-8a56c6410f5d,JS-VM-OPTICS
0c85f818-5d55-4389-bca5-8e10df47ec5a,MICROSOFT
f2112017-b020-4ee0-ad3b-f74fabeb2001,jllinux.localdomain
6cd7368c-0cbf-472b-af6f-611f0c16dea1,WIN-A49J8AILB10
5e95d854-0f34-4bb8-a2d2-ab7295a5ec5d,KEMAC-PROT64
8cb2aa77-d851-46c6-8850-b93257c81004,DOE-PC
f6d9ab72-b294-47b8-aaee-9abfcf384a53,GD-STAGING
0435cb4f-ac1d-4a83-941b-5eabd4f115e4,webbl-centos7
ad33e210-2968-4861-8501-306203aad9c3,PAS-VICTIM1
e5c48ed9-70fa-40b2-bcc1-1a9a7b5430bb,DESKTOP-KPJ0QOR
9e1ccb7e-ebe1-4298-a213-dc5dc2f9165d,amlinux-prot-vm
06f5289e-2f21-41b4-ba24-b7062bf5ac95,DESKTOP-6ESPJRT
040f01f2-016a-4013-b9d4-e3e428729852,mh-cent7-64-demo-localdomain
e30ffb7f-f5bc-4be8-9a0a-c030c9e49ec8,dap-cylinuxdemo
8f532f50-c662-46b2-b3c8-7b36ed77625a,AX-CYLANCE-DEMO
1864b817-0e2d-44de-92a0-bb5ac984fc3c,AX-CYLANCE-DEMO
498befcb-12d1-4ee3-b76a-9f6735164679,AX-CYLANCE-DEMO
99447c56-52b5-415f-9a09-ec72b0a60872,VICTIM10
364ead75-3bcc-484d-98cc-76142df230f2,static-osx-demo
4275710e-fd6c-46b9-a31f-d83ca74a5831,MH-DEV
1e6269af-5e4f-4746-add9-6c223ce93e75,MS-UBT-CYL-VM
7edbc104-f2af-4823-b3ee-bdd2541c1a73,MS-UBT-CYL-VM
8a424759-b4c8-4883-b6cd-f0556d480fdf,DPRES-DEMO-14XX
a6c192cb-0359-48a5-9a40-6cb3040ca024,PB-W7-PRO-PILOT
ac2c7fff-c58e-4769-afda-e66b5cace7ab,Carlie’s MacBook Pro
96ba11da-9f6c-41ac-b2f4-f1494a31b305,MH-1380
5d51eea9-6489-43dd-82fd-ef23342c4975,WIN7X64
f4564f27-2a72-4c95-a4c7-4b5645126667,EAW10-VM-PROT
c22a150c-98dc-496c-ac50-2cbf84eccd32,PB-pilot
3e8f652e-e7ce-4964-b771-3d2176300fa8,TAKAPCTEST
fa0c253f-8d43-4838-8fe6-60c8fe342034,SW-PROTECT1440
2252b570-aec2-4de0-ba75-028516727cc8,RW-ESX-CYLANCE
76bad5b9-56f5-4b43-8530-6e402edc04ea,OTHER_AV_TESTS
8e535cd2-3b36-4b11-99c4-5588158999ae,JS-W10EU-DVM-MO
c8b981dd-270c-4fa8-8ee9-7f8a59217613,TEST-PC1
19025f31-a785-46bd-802c-4a0b0fdabb40,TEST-PC2
843f27a5-d714-4a2a-a1c9-316a6cde5700,DPRES-DEMO-1380
536f8806-82cf-44b1-958f-69b6f3347114,PAS-DEMOHOST
b9ab7efe-ba3d-460f-bd7d-e937d02e832a,HOST
6caafcbe-a722-4de9-aa78-071925fb7aad,1320-WIN7X64
d9863250-c5b8-47ee-9cc0-bccd8e8c2358,PAS-CYLANCEPROT
ebe81049-3acf-4e89-98e7-3b4579f1f6c4,DPRES-SE-DEMO-1
af2785e2-2de0-4d45-8f6c-8dd3c248eddc,ALDERMAN_CP1290
bd896e10-daa4-49be-bc1a-2e63850a6110,ND-PROTECT-TEST
826e7bbb-fb09-4179-b248-6b69b9f47a44,JENNIFER-HP
915901b5-6233-4350-be58-10c872e01681,W520V2
483d9736-ab6d-458a-b5a4-e1792a377272,sdubbel-win2012core
c3f8a055-d407-4a7f-af23-662af0f05877,DESKTOP-BEF7F0N
7dea2ee8-52f4-4d62-8a59-aadf9810951b,WINKMAC-STAGING
266ae1ac-b0ed-4974-aeb6-0aa1aafdd2a0,SPC-PROTECT2-VM
215a9bfc-5a18-43ec-9e88-556608216bb2,DESKTOP-B11OU81
84f596e6-a500-45c0-b51b-a50b138abed8,MALERBAA-OPTICS
8f40aca0-7215-4a1b-a203-49f21c6c3a5b,MALERBAA-OPTV2
78202902-096b-44a7-85f0-c6631495bd01,WIN-OHB9ERCQVT9
4fe69eb0-1736-4684-a687-fa1bda5d4900,PC10
88a533f3-9794-43dc-907f-c5ebe8713f72,DC1
b062bfa2-ff62-4ded-a4fc-1c03eb26c889,SPC-STAGE8-VM
32bdb1c4-db5f-4845-a3c2-de0907f11685,DPRES-DEMO-1380
3a6c805e-2555-48eb-a8fa-95716872da39,SPC-PROT-XP32
63082e66-d01b-426d-95bc-e1b90bb3e05a,MALERB-W7-TOOLS
9e9c22cb-d3b8-4e89-98a5-dec4a74e0900,AFM_DEVICECTRL
9a74e533-c127-4cb7-85d2-7cbbbe88cc22,TD-PROT-1410-VM
ee443bb3-9022-46d7-aeff-b25e2f9d644e,TDMAC-OPTICS-VM
ab6494d6-a0a6-41fc-86a7-c5cf1fcfbe0c,DPRES-DEMO-1380
8f46ea36-311d-46a1-a866-71a0262510ee,AFM-HACKED
ba3bac10-66fe-4dd4-b209-2cb64b6dd009,ALDERMAN-CPDEMO
f202d4fc-e98c-4fea-aee2-a9a3a6f4e24a,AFM-PROT-DEMO2
efd5322a-1810-4b44-97ae-215d7f1c2617,ALDERMAN-CPDEMO-1450
05e45970-834a-443b-89c4-755656e73803,ANZ-SKING-DEMO
202baaf9-0ffd-4e71-8792-e9f6580c00da,LAPTOP-60N53EQH
762b108a-7719-489e-9219-5ca66de29421,Stephen’s MacBook Pro
c47daa1a-bfa6-461f-a91d-d9d976463b2b,RACHEL-X230
efcd5e10-9b95-4adb-9a0b-300665d79f1c,SEP-CYL Side-by-Side
9c826fec-a9bf-4c0a-975e-494c117b3a20,DESKTOP-8PQSM1R
67f1f8e7-b28f-4ee5-a5fc-d4b9a4c28132,SPC-PROT1360-VM
a2e7aa91-7ee1-41a5-b6f0-1201e0bae8ef,MAL-ML-C02R83JAG8WM
fd995224-58cd-465a-9ba1-c0f7020e8dab,GD-WIN10
38c14c69-8355-4227-8867-2a5220028adf,DESKTOP-UR0L692
8928a0a4-80e1-4dfd-bbe1-977725dd0848,C8153717755
d85a37dc-62a8-42ec-beed-b1390f8bc57d,C1050960979
a6869e56-6339-4dc4-8b41-8b3758d57239,linux-demo
91b221e9-962e-42ce-b8ce-e2e9a9248fcd,RAV-CYLANCE1
bb628e8f-b5e7-48e9-a536-12b782795dee,ND-OPTICS-WIN7
1c20c864-de67-462a-b78a-bce2145a864e,QUINNPROTECT-OP
920a4e32-a934-4bc2-9bd4-6d4dd6756b5a,QUINNPWOPTICSV2
71c3fc5f-b06a-4a4d-8d7a-e413858f3498,DPRES-SE-OPTICS
c568d383-80af-4663-a82d-42c49c7f95ba,JASON-PC
526afa85-83bf-40e2-ab86-1ce44b382020,NDWIN-OPTCS-VM
ba27c72a-cd0c-4540-af0d-0a821c5687b0,GD-MAL-C02R21KRG8WL
1925936a-3b9b-423e-b98b-60833179a934,JC-2012-Test
7b9e0abb-8f35-4b83-8868-e3f155f90992,DAP-CYOPTICS
c88e5501-e29f-4c39-9ca6-edf2f44cc7c5,CYL-UBTKIT-CYLV
55e97d1e-87ab-47e0-883c-9999ec410130,RSUNDIN-OPTICS
c5b692e0-e69c-46a4-af75-cfcc545fe401,mf-centos
f8e1fe92-c453-464f-83f2-36e806df328d,WIN-NCMGRUFMVG1
cd0e8e44-55ed-40db-abc4-5ff9565b1c42,TMORWAY-X1
7a585e7c-90fd-4c21-ad91-473809ec4082,MAL-LW-C02R712MG8WM
15d0ff7b-f524-46a4-a2ab-a0452e70970a,SPC-PROTECT-NB
7cc87055-a6e6-426d-a514-e299d3738eb0,SPC-STAGING-VM
6f81b51d-b489-44d5-97aa-6a7d255692e1,SPC-PROTECT-VM
43ff97f0-d65f-44a7-8dda-5b31364a9a50,WINKMAC-OPTICS2
8d410b06-0dee-44e1-8168-36fd8e08a414,JMS-VM-PROTECT
599f3eb1-d3d0-4e7b-b4fa-d7259cfa7313,PB-WIN7X64-1400
ee3088d9-0e9f-4d07-9474-5f9ef97b8ea8,CFS-CYPRO1310
9d234449-b530-4eca-b0cb-4014fd5373cf,CFS-Win10CyPro
0d6bd473-6901-46c6-9ec0-d912e5fae02f,WIN-GPH48NI2A1P
d01ce4b9-6d95-4ee2-9b2f-dc261aac17ad,AW-STAGE-VM
c36d41d3-5332-4941-ad2f-9a007cfdb94d,CCH-BRONTO
0bc17238-a6e3-4604-9954-3f134b75efda,WEBBL-W10-OP
0b2a81df-90fa-4c21-a59f-05a4ffa1ac9c,MJONES-MacBook-Pro
9fbe91c3-3126-44fa-9bda-6774521457a4,TK_CY_DEMO2
d9c9239c-46ed-4293-9234-7c030ffbc25c,ALDERMAN-CP1320
1e6258b2-6f7b-49d8-b6a6-c0de62e6febc,CFS-COS7-CyPro
25f9c5fa-518b-473b-b3e6-765172dde6e9,EGV
44b8e037-6bec-4f66-a73b-bd64a676201b,OSX’s Mac
95dd15c1-12ea-4a11-968f-40224cad1c46,9TXFJC2
f09d78d2-b092-45c1-a441-f2607fd5a9d5,MJONES-DEMO01
cd86848f-41f8-40d6-8fd5-132ab3ebabd7,NEW-AW-VM-PCT
bd7efe95-16db-4244-9308-ff27cf438539,CC-OPTICSVM
1aa7f64c-514a-4bc0-8a9b-a8d63f4dfa9e,LANDON-DELL
01e30341-30d1-48ce-a14c-84e410606e35,NATARAJ
771faca5-573c-4a30-a5c1-be2d52753542,BAYLEP-DEMOVM-1400-dead
6423df26-8720-41fc-947a-10af23cc6cd2,SCOT
bdf129ce-40f3-47da-b7b2-46fad5fe0eec,Seth A HP PC
c45ea3b5-f5a3-4f1d-984c-810c07dd35cb,RSUNDIN-DEMO
8f511479-b188-452c-bd8e-6223196d88c0,SAWOYA1370
4ba6884f-ab85-4f3f-9e72-46de7a93f23a,Andrea’s iMac
e45dcf0c-2a25-4722-9b70-69f9d0cebd24,SawoyaStage
cd5e4e90-936f-4858-840e-20c8104553ae,DAP-CYDEMO
99fa332d-a2e5-4f11-8ad8-a25f95c60102,linux-GIDDERS
1610fe9b-92ba-44d3-b3d3-b1d9a7edc369,WEBBL-WIN10
454dc2e5-47ff-47f3-b852-a64ca9143dc1,KEMAC-PROT-VM
ef0d7625-8591-4e6c-b56e-1d73cba37e9e,CYL-UBT-JPN-JC
72ca5056-720d-4014-8960-4d882f1c50e5,fermata
9d91ce71-cdcb-4ca5-9f47-e5dafec5d15c,GD-VINTAGE-LAB
bfb934dd-08f1-4d23-b0c3-e9d38d902c38,MAL-TI-C02S328GG8WL
1f48dda5-175e-47c4-849c-174f0834a178,CYLANCE-VM
81a205bd-0d67-453e-8837-6a9a1f5e07d5,localhost.localdomain
d6d1c368-49d3-4984-baf3-d20dd3a6a58a,DPRES-CENTOS7
371f6916-e689-4af6-8a73-e4927e9555c4,MH-OPTICS
3fcefc6d-d955-42b0-9f50-e2e981e9c3f0,CYL-AKLEIN-DEMO
8a120101-065e-428f-b876-837f5eabb49c,lofgren-linux
8cacb220-64a0-4b74-8db9-fe6916fc19ee,AFMMAC-OPTICS
07748c33-ce45-4a53-9fd1-d6c8a0ba902f,MLOCKE_Optics
1032d99c-ba9c-4ddf-a914-3ea235a462ce,WEBBL-WIN10
071d864a-6942-4266-8a5f-14115d663082,localhost.localdomain
ed007e5a-af26-48f5-9f82-1fbdb4747de2,CYL-UBT-JPN-KO
706315ed-3592-4de7-88ea-00de9ba9f9ea,CYL-UBT-JPN-JC
fdae7fb2-ad79-4644-88f1-e4da6e479043,CYL-UBT-JPN-JC
d952d670-8021-4a0e-9954-b1d5daf62bf4,RESEARCH-PC
c9a91834-4ae5-41e9-a5a2-bc2f5e43e5d4,FGT-TMORWAY
6810c7eb-d20a-4aa4-8345-7df53248a102,LENOVO-PC
d23f32b6-12dc-444a-bf3d-9679b9848d8d,ALDERMAN-CPWINX
055d11bf-bd8a-4442-b34e-0ddb33f2b605,CCH-PROTECTDEMO
6d4d7bc6-f27b-4d0b-b0c2-b66024071036,BWcentos7
fd832292-b46b-4bcc-89b2-38ba515aaccc,RT-Centos7-Test1
8307b34a-f1ab-4c12-9e5d-c70826ecab4e,DESKTOP-R1A53BU
7c53d9e3-1749-4160-bc08-a4db60766d4b,AFM-TRAIN
b7592739-99bb-4898-905b-065d99fc2014,Mike and Pat Laptop
18cf16fc-9bd1-4d84-aaa8-947b63993f74,KEMAC-PROT64
7e30cbb8-4ac6-457f-b5eb-e04e9913446d,HALO
46307d27-9c1c-40e5-88af-fc891f352570,KE-PROTECT10-VM
993c52e8-e363-43b6-91f0-9c89f2ca252e,TB-MALWAREBOX
34a0d4ec-98fe-4805-8078-61b3fabece5b,TEST_XP_X64_NOS
acc5c060-d52e-4bb7-a9c8-f52022dcf284,AW-VM-CR-PRTCT
dedf478a-465f-45b9-bdb2-d86aaaade3fa,DPRES-DEMO-1310
868682ac-4cb4-45c7-91e7-5ad423f45202,RS-Win2K3-Server
1ee6b0b9-3f28-40fd-8f6f-5d1d531ce6d4,AW-VM-PROTECT
1a9cfc92-c2c0-4d1a-b5f1-0e4a2a238041,RS-WinXP
59261651-9875-4077-b04a-d272076863ae,TDMAC-STAG-VM
36826458-7995-4fe1-aa55-044cec360cdc,TDMAC-PROT-VM
58d530d8-4720-4516-9023-5208a0ec2dc5,BAYLE-W7X86
a350cf43-c96e-497d-ba80-12e5dc88c9c6,BAYLEP-DEMOVM
9b8aac28-d563-49fc-b0d2-b34e33e2ec8a,AFMMAC-PROT-VM
14355624-3cf8-43ea-b4aa-bad61673d85e,KEMAC-STAG-VM
773a348e-2c75-4221-90b0-cc1f68af91a7,AFMMAC-STAG-VM
993fe2e3-f65b-4165-ada2-5bddaee8c390,AFM-TRAIN
d4068a22-ea19-4733-85f6-0aa01ce6ebfc,WIN-OGBH8JS6FOB
87a49cba-5b72-45e8-9297-b55804b34564,KevinE Demo Host
c224777e-e68e-4823-8038-c9d7cdee2f1f,PATTIFORDEMO
f9ec869f-8c21-4b1b-891f-02eb8d92fe5e,1380demo
143c02fe-ce65-4f88-b80d-4a735884197f,Malware’s Mac
0292c752-a407-40c9-8bc9-8febaf744971,WIN-OGBH8JS6FOB
9079eb57-e01f-4203-a185-0d54c37ba3b1,BAKRI
8d3df596-8fb8-4d55-b597-ac2ae312a1a6,BAKRI
8b9c2f8e-ed66-42bb-923d-4cced1a2f01f,DESKTOP-7H6A2MI
784aa9fa-6cf8-4dd6-ab65-825f334e1498,Ryan's MacBook Pro
c77b7e68-27f6-4267-9805-7b202575e3ca,RW-W8-VM
fd54a74e-561a-4ed1-a073-269d57688dee,RW-MACBOOK-CYLA
61bbcbe8-3772-4d8c-b656-699144febfd1,JLP0001_STAGE
1d6de907-0ad9-454d-b3e0-69d47b829c88,TK_CY_DEMO
6e2f1022-7ee1-4d98-b7fb-c6f08148a850,NDMAC-STAG-VM
fa070c60-121f-4024-8646-3981f08727c0,NDMAC-PROT-VM
f0fd410f-c8fe-477b-94b0-716208fe46ed,TAKAPC
de423398-73d5-4ffe-bee2-bdb24fcd8c94,sdubbel-demo-HOST-MBP
8c4b9da1-20e9-4785-94a5-8ef43cbc4951,TK-UBT-STG
69d1166e-28ae-464c-bc7b-f67ac0c922e0,EAMAC-STAG-VM
082d4191-9688-4fbb-97c7-da311cd224a3,CSMAC-PROT-VM
968bf445-12dc-46d6-8da5-53ea9bf6d4ee,CSMAC-STAG-VM
53700489-0fc1-4721-b786-2612cae0f294,LOFGREN-DEMO
886c552a-6124-4146-888e-f5e461f46366,LOFGREN-STAGING
2c31477d-7bb8-46dd-abc1-8b04029e224d,RT-VICTIM4
0f8f3b38-51d2-45e8-8ec9-f56e4a109c0a,RT-VICTIM5
1a932029-2b52-4463-90b5-1d0a1b1cf4b0,EGCYLANCEPRO
7e4add21-987e-46ff-a568-7f74cd4eb551,TK_CY_DEMO
96249b22-ae82-4297-b38c-61794bef339c,WINKMAC-1310DEM
7526a719-810f-422c-9076-f7e6ad425abd,WINKMAC-OPTICS
6d24f00b-2619-4169-a851-d6157c7c5186,DPRES-DEMO-1380
135cbd6b-9a6c-4d3b-bac4-845fa7eb4291,DPRESBIT-DEMO-1390
342b8eae-ff8a-45e8-a4c0-9735bef1f5f0,BWHOST2
fc023394-bae8-4900-97b1-a228429d45bb,ZLINK-DEMO-HOST
44a35934-6e57-491d-aa46-b8109a411a0b,WIN-9QAB7T3FG2P
559ea282-7265-4693-a7d7-c3fb59b5fd03,WEBBL-XPSP3
16dcb4b0-c3b5-46fd-8fef-418d07f4d5b3,WEBBL Malware Mac
0e151bd7-7fba-47c4-80e1-d6a55891cfe6,RT-1380-TEST1
9f0ebf37-33ec-43f4-ab6b-a5b776e6d7ee,SW-PROTECT1380
86cda3e0-23b2-4c20-a0f5-e2ad382b255a,RT-OPTICSEA1
e0986101-d4cd-49c6-98bf-6fe2471050f9,Robert’s OSX Lab
9eafaa49-8b45-4815-9de0-51a5f5f50c3c,Zlink Malware Mac Pro
d6623363-533d-4e76-b88e-746101b67675,1380-WIN8
077cefec-5bc2-4919-aac0-784997be40cb,Mikkel's Virtual Mac
235b1b4d-ef32-4b63-a15d-4be8c1872c5d,ALDERMAN-DEMOHO
df3731d0-6f7d-4a99-af5b-97ec573e86b3,MAL-JA-C02RN19PG8WL
d577ecee-94bf-4104-b895-0f30f5915a39,RT-VICTIM4
2cde914a-cdd8-48f8-a4fe-9727572f2735,SW-PROTECT
e6a1b21f-ca6a-4f33-a1ac-426a92bd61bb,SW-STAGING
c41827ac-ec02-4b97-8d10-545524816ce0,RW-UBT4-TREND
49e807ec-0556-47f8-b744-70d4b15d5016,WEBBL-UBTVM
80255ddc-4a5f-499c-bc00-fd144badba4e,LENOVO-PC
a674d6d8-5bbc-4104-b888-30d2b1287438,CYLANCE
a767a5ec-37af-4cea-8903-c506d0b0d0ca,RW-TRASHCAN-ANA
f3242004-bfd6-4008-be0f-260be2e23ace,MH-OPTX-DEMO
27c591bd-f030-442e-939e-d30a4175b437,MH-PROTECT
3b0cb69d-31f2-4693-ba01-5dcb66501ef8,RS-OSX10-Demo’s Mac
5c1bf9a2-2a9b-46a6-8722-af27efdf11a9,JS-VM-DEMO
a5b93987-cde1-448b-9caf-9c33ac8eef2f,BT-STAGING
9e3fef86-7d42-45fa-bb63-b51317371895,BILLS-DEMO
17200471-1b0f-452c-906b-a6fd7c56bc5f,MH-VW7-1
f622b941-dce4-4761-a750-ae2ba5d52f49,SR-STAGING-W7
c3928b65-d799-4a67-9406-f5ab12287ae2,WEBB-WIN7X86-OL
9ac81288-1d71-41e8-8a18-eeb35e0e4afe,GSINGHHOST
baaf8ca0-b222-4a06-8bf3-ce88604e2d8c,Michael_Locke_Protect_Optics_VM
00022b40-29dc-4765-b7fe-8ae60a1acbdf,Michael_Locke_Staging_Server
84066064-24e5-47c9-ac60-7154cec82b13,MAL-GS-C02R51NVG8WL
34482b3b-1c03-4e32-a67f-46551e4ea636,RT-VICTIM4
3c3095f4-c51d-4687-8248-d82f5e5f1eba,WEBBL-STAGING
6dc9fda4-a258-4426-8404-7ec830ca3520,WEBBL-DEMOVM
572a75c6-f5a3-4289-97ad-e80273d8c84e,WIN-OGBH8JS6FOB
79bbd045-577d-4929-a191-882e8a87a3ed,Music-DEMO-Win7
5e49db11-f60f-4835-8fb8-50c159d58523,RW_T440
9d2fd11d-3e95-4df8-bd75-9eff433bda8a,CYLANCE
43972153-2bc8-440f-92d0-bd145e3558bb,DELL-FRS
1a83a607-1c47-4783-aaae-1e62baf11810,WIN-OGBH8JS6FOB
5f2ab0f3-5d37-4319-96a3-22939afa2d8d,BAKRI
af18c122-6271-4093-99d0-8d98d20bd0ab,LENOVO-PC
9645117e-5a72-454c-b3f2-6b9d20211b9a,BLG-PC
372fdaf2-034b-4a1b-91a7-422cd0177ff5,TESTRAV--TOOLS
b2e3c5ff-aff1-46f9-aefc-8cecc8a47d43,E6420-PC
9ba7474f-284a-4f80-bd69-ad1957549bf0,T410
13648155-bb8a-4eba-8147-d2add51a54ff,ZLINK-DEMO-MAC
f111001f-3b61-481f-9ae3-aecb352667cb,Zack MacBook Pro
ac841413-3eec-47dd-b4c4-6d701ebdd2bb,RT-NAV
6bf66fd5-c377-4d5d-8601-c133550fb5d3,PROTECTDEMO
1553e7ca-de08-4269-a201-e9f46527bdee,RT-NAV
9f68d1d4-f288-482f-9799-91e75ab30874,RT-TOOLS
dbe495ab-ed38-4667-8edd-6f8e9032a8de,RT-VICTIM4
81f68377-82f3-4b60-b3e4-0aeea96e584e,RT-TESTVM5
23b0e476-cb60-43f4-9aa8-804d6764dfb0,AJNT-HP
c604a9c2-dd02-4c91-b52f-117035c86095,R2-85D858B5A74D
b15e8df4-1301-410d-b74e-3516ce3677f3,NICI_TOWER
0f66e8df-d98f-43cc-b8e9-c26323bb2910,AX-CYLANCE-DEMO
43d10c05-37a0-466d-a8ed-ba6bba8f9620,TITAN
fa17c85c-f406-486f-bfde-4d8e2bed7671,DT-MacbookPro
fa824e23-cd3a-4e1b-9694-ed5fce23bf7c,Bryan’s MacBook Pro
874aad93-40a9-4f4c-8fdc-ddc5eb02019c,BG-MKT-NDZ52
35b1cb24-80d2-49cc-8b75-b3bc079fc2c9,Nicole’s iMac
cc38f396-ee8d-4cdd-a4ef-58543dc92f96,DTECHMAN
2921eddd-e7f9-4f3a-b150-bbb2929995df,RAT1
3797e0ab-5be1-4b85-856e-b501885dfae6,CY
9af72d49-ef34-4203-a108-03614689a780,DEPLOY_TEST_1
a4eba755-c475-4e03-9d19-4c9736206795,RW-SE-3NZ52
42197ef3-d980-43fe-825f-a1e2dd98c522,RW-SURFACEPRO
eaebadb5-57dc-4c5d-96f5-af527f02df20,RW_LENOVO_TOWER
c5f158cd-51f0-430f-a973-a99be81ccae6,OUTLOOK
6ac0d079-42e9-49f2-bf83-51b7a30b704e,KH-PROTECTDEMO
3d262d60-c574-4bee-b7cb-ab72244ca26e,KH-STAGING
3fdf2efa-a400-454e-b759-5c37250db6af,TOUR-STAGING
0bf19e88-2233-4648-8faa-476a8fd847b1,MH-STAGING
38277f43-0a25-4620-b2d0-142c9b4bfefa,ROBERT-VM
a64ac283-171f-4f06-b757-1d8ef9f7ed87,PROTECT_WIN7X64
03bd5919-7982-4bd3-9069-ff4cab8fe6fe,GD-VM
